# Each topic: @ English canonical path; then heading / paragraph pairs, each translated DE / FR / ES.
@/topkapi-palace-ticket/
T║Topkapi-Palast: Tickets, Harem und Eingang║Palais de Topkapi : billets, harem et accès║Palacio de Topkapi: entradas, harén y acceso
P║Plane einen eigenen Vormittag für Höfe und Sammlungen. Entscheide vor der Buchung, ob du den Harem sehen möchtest, und beachte den Treffpunkt deines Tickets.║Réservez une matinée aux cours et collections. Décidez avant l’achat si vous souhaitez le harem et respectez le rendez-vous de votre billet.║Reserva una mañana para patios y colecciones. Decide antes de comprar si quieres visitar el harén y respeta el punto de encuentro de tu entrada.
H║Welche Bereiche sind enthalten?║Quelles parties sont incluses ?║¿Qué zonas están incluidas?
P║Das veröffentlichte Nationalpaläste-Kombiticket für ausländische Besucher kostet 2.750 TL und umfasst Palast, Harem und Hagia Irene. Das IWC-Palastticket ab 56,91 € sowie Old City Combo ab 122,55 € und Saver Combo ab 128,25 € schließen den Harem ausdrücklich aus. Das sind unterschiedliche Produkte, kein Vergleich identischer Leistungen.║Le billet combiné des Palais nationaux pour visiteurs étrangers est affiché à 2 750 TL : palais, harem et Sainte-Irène. Le billet IWC dès 56,91 €, l’Old City Combo dès 122,55 € et le Saver Combo dès 128,25 € excluent explicitement le harem. Ces produits n’offrent pas les mêmes prestations.║El combinado de Palacios Nacionales para visitantes extranjeros figura a 2.750 TL: palacio, harén y Santa Irene. La entrada IWC desde 56,91 €, Old City Combo desde 122,55 € y Saver Combo desde 128,25 € excluyen expresamente el harén. Son productos con prestaciones distintas.
P║Der Harem ist separat mit 1.050 TL veröffentlicht. Prüfe, wie du ihn zu deinem gewählten Palastticket ergänzen kannst. Die Preise in Lira und Euro werden nicht in einen gemeinsamen Wechselkurs umgerechnet.║Le harem est aussi affiché séparément à 1 050 TL. Vérifiez comment l’ajouter à votre billet. Nous ne convertissons pas les tarifs en livres et en euros à un taux de change commun.║El harén también figura por separado a 1.050 TL. Comprueba cómo añadirlo a tu entrada. No convertimos las tarifas en liras y euros a un tipo de cambio común.
H║Begleiteter Eintritt ist keine vollständige Führung║Un accueil à l’entrée n’est pas une visite guidée complète║Un anfitrión de acceso no es un guía de toda la visita
P║Das einzelne IWC-Angebot nennt begleiteten Eintritt, eine 15-minütige Einführung auf Englisch und einen Smartphone-Audioguide in 10 Sprachen. Danach besichtigst du selbstständig. Kostenlose Stornierung bis 24 Stunden vorher; die beiden Altstadt-Kombis nennen 48 Stunden. Bestätige die endgültigen Bedingungen beim Anbieter.║L’offre IWC seule prévoit l’entrée avec un hôte, une introduction de 15 minutes en anglais et un audioguide en 10 langues. La suite se visite librement. Annulation gratuite jusqu’à 24 h avant ; les deux combinés de la vieille ville indiquent 48 h. Confirmez les conditions finales.║La oferta IWC individual indica acceso con anfitrión, introducción de 15 minutos en inglés y audioguía en 10 idiomas. Después visitas por libre. Cancelación gratuita hasta 24 h antes; los dos combinados del casco antiguo indican 48 h. Confirma las condiciones finales.
H║Tor, Treffpunkt und Ankunft║Porte, rendez-vous et arrivée║Puerta, encuentro y llegada
P║Von der Hagia Sophia führt das Kaisertor Bâb-ı Hümâyun in den Ersten Hof. Weiter innen liegt das zweitürmige Tor der Begrüßung, Bâbüsselâm, zum Zweiten Hof. Unser Foto zeigt dieses Tor, keinen aktuellen Anbieterschalter. Ein Foto ersetzt nie den Treffpunkt aus deiner Buchungs-E-Mail.║Depuis Sainte-Sophie, la porte impériale Bâb-ı Hümâyun mène à la première cour. Plus loin, la porte du Salut à deux tours, Bâbüsselâm, mène vers la deuxième cour. Notre photo montre cette porte, pas un comptoir actuel. Elle ne remplace jamais le rendez-vous indiqué par e-mail.║Desde Santa Sofía, la Puerta Imperial Bâb-ı Hümâyun lleva al primer patio. Más dentro, la Puerta del Saludo de dos torres, Bâbüsselâm, conduce al segundo. La foto muestra esa puerta, no un mostrador actual. Nunca sustituye el encuentro indicado en el correo.
P║Speichere Treffpunkt, Uhrzeit und Kontakt. Plane etwa 15–20 Minuten Puffer ab Hagia Sophia plus die verlangte frühzeitige Ankunft ein; das ist eine Schätzung. Mit IWC triffst du zuerst die Begleitperson. Die Sicherheitskontrolle bleibt. Bei einem offiziellen Palastticket gelten dessen eigene Hinweise.║Enregistrez lieu, heure et contact. Prévoyez environ 15–20 minutes de marge depuis Sainte-Sophie, plus l’avance demandée ; c’est une estimation. Avec IWC, rencontrez d’abord l’hôte. La sécurité reste obligatoire. Le billet officiel du palais suit ses propres instructions.║Guarda lugar, hora y contacto. Calcula unos 15–20 minutos de margen desde Santa Sofía más la antelación solicitada; es una estimación. Con IWC, reúnete primero con el anfitrión. La seguridad sigue siendo obligatoria. La entrada oficial del palacio tiene instrucciones propias.
H║Zeit, Schließtag und Komfort║Durée, fermeture et confort║Duración, cierre y comodidad
P║Topkapi ist dienstags geschlossen. Nationalpaläste veröffentlicht Kassenzeiten von 09:00–17:00; das garantiert keinen Zugang zu jedem Raum bis 17:00. Plane etwa 2½–3½ Stunden plus Ankunft ein. Für den Harem kommen geschätzt 45–60 Minuten hinzu. Bei nur zwei Stunden wähle wenige Sammlungen.║Topkapi ferme le mardi. Les Palais nationaux publient des horaires de billetterie de 09 h à 17 h, sans garantir l’accès à toutes les salles jusqu’à 17 h. Prévoyez 2 h 30–3 h 30, plus l’arrivée, et environ 45–60 min supplémentaires pour le harem. Avec deux heures, choisissez quelques collections.║Topkapi cierra los martes. Palacios Nacionales publica horario de taquilla de 09:00 a 17:00; no garantiza acceso a todas las salas hasta las 17:00. Calcula 2½–3½ horas más la llegada y unas 45–60 min adicionales para el harén. Con dos horas, selecciona pocas colecciones.
P║Trage bequeme Schuhe und plane Wetter, Pausen und Außenhöfe ein. Frage bei eingeschränkter Mobilität vorab nach dem aktuellen Zugang. Nach dem Palast passt eine Mittagspause vor Hagia Sophia; die Zisterne am nächsten Morgen macht die Zweitagesroute entspannter.║Prévoyez chaussures confortables, météo, pauses et cours extérieures. En cas de mobilité réduite, demandez les conditions d’accès actuelles. Déjeunez après le palais avant Sainte-Sophie ; garder la Citerne pour le lendemain rend le séjour plus agréable.║Lleva calzado cómodo y cuenta con el tiempo, descansos y patios exteriores. Si tienes movilidad reducida, consulta el acceso actual. Descansa para comer antes de Santa Sofía; dejar la Cisterna para la mañana siguiente hace más cómoda la ruta de dos días.
@/istanbul-in-2-days/
T║Istanbul in 2 Tagen: Sultanahmet und Bosporus║Istanbul en 2 jours : Sultanahmet et le Bosphore║Estambul en 2 días: Sultanahmet y el Bósforo
P║Verteile die drei kostenpflichtigen Altstadt-Sehenswürdigkeiten auf zwei Tage und ergänze eine 90-minütige Bosporusfahrt. So bleibt mehr Zeit für Ankunft, Mittagessen und Gebetspausen.║Répartissez les trois sites payants de la vieille ville sur deux jours et ajoutez une croisière de 90 minutes. Vous garderez du temps pour les arrivées, le déjeuner et les pauses de prière.║Reparte los tres monumentos de pago del casco antiguo en dos días y añade un crucero de 90 minutos. Así dejas tiempo para llegadas, comidas y pausas de oración.
H║Tag 1: Topkapi am Vormittag║Jour 1 : Topkapi le matin║Día 1: Topkapi por la mañana
P║Beginne mit dem bestätigten Topkapi-Treffpunkt. Plane 2½–3½ Stunden für den Palast, zusätzlich Ankunft und Sicherheit. Der Harem ist in den hier verlinkten IWC-Tickets nicht enthalten; bei separatem Kauf brauchst du mehr Zeit. Mache danach etwa eine Stunde Mittagspause in Sultanahmet.║Commencez au rendez-vous confirmé de Topkapi. Prévoyez 2 h 30–3 h 30 pour le palais, plus arrivée et sécurité. Le harem est exclu des billets IWC liés ici ; ajoutez du temps si vous l’achetez séparément. Gardez ensuite environ une heure pour déjeuner à Sultanahmet.║Empieza en el encuentro confirmado de Topkapi. Calcula 2½–3½ horas para el palacio, más llegada y seguridad. El harén no está incluido en estas entradas IWC; añade tiempo si lo compras aparte. Reserva después una hora para comer en Sultanahmet.
H║Tag 1: Hagia Sophia am Nachmittag║Jour 1 : Sainte-Sophie l’après-midi║Día 1: Santa Sofía por la tarde
P║Nutze den per E-Mail erhaltenen QR-Code für die obere Galerie. Plane 45–60 Minuten im Inneren plus Sicherheit und Rampe. Ergänze die Blaue Moschee nur, wenn Besucherzeiten und Energie passen; sonst am nächsten Tag. Ihr Eintritt ist kostenlos.║Utilisez le QR reçu par e-mail pour la galerie supérieure. Comptez 45–60 min à l’intérieur, plus sécurité et rampe. Ajoutez la Mosquée bleue si les horaires et votre énergie le permettent, sinon le lendemain. Son entrée est gratuite.║Usa el QR recibido por correo para la galería superior. Calcula 45–60 min dentro, más seguridad y rampa. Añade la Mezquita Azul si el horario y tu energía lo permiten; si no, al día siguiente. Su acceso es gratuito.
H║Tag 2: Zisterne und Fahrt zum Bosporus║Jour 2 : Citerne et trajet vers le Bosphore║Día 2: Cisterna y traslado al Bósforo
P║Besuche die Cisterna Basilica am Vormittag und plane 45–60 Minuten für Säulen und Medusenköpfe. Lade den Audioguide vor dem Abstieg herunter. Danach ist Zeit für die Blaue Moschee, falls sie noch fehlt, und eine Pause. Für Tages- und Abendeintritt gelten getrennte Bedingungen.║Visitez la Citerne le matin et prévoyez 45–60 min pour les colonnes et Méduse. Téléchargez l’audio avant de descendre. Vous pouvez ensuite voir la Mosquée bleue si nécessaire et faire une pause. Les séances de jour et de soirée ont des conditions distinctes.║Visita la Cisterna por la mañana y calcula 45–60 min para columnas y Medusa. Descarga el audio antes de bajar. Después puedes visitar la Mezquita Azul si falta y descansar. Las sesiones de día y noche tienen condiciones diferentes.
P║Plane 45–60 Minuten Transferpuffer zum tatsächlich gebuchten Anleger, nicht als garantierte Fahrzeit. Die T1 verbindet Sultanahmet, Eminönü und Kabataş. Welcher Halt passt, hängt vom Anleger in deiner Bestätigung ab. Rechne Fußweg und gewünschte frühe Ankunft dazu.║Prévoyez 45–60 min de marge pour rejoindre l’embarcadère réservé ; ce n’est pas une durée garantie. Le T1 relie Sultanahmet, Eminönü et Kabataş. Le bon arrêt dépend de votre confirmation. Ajoutez marche et avance demandée.║Deja 45–60 min de margen para llegar al muelle reservado; no es un tiempo garantizado. El T1 conecta Sultanahmet, Eminönü y Kabataş. La parada adecuada depende de tu confirmación. Añade la caminata y la antelación solicitada.
H║Tag 2: 90 Minuten auf dem Wasser║Jour 2 : 90 minutes sur l’eau║Día 2: 90 minutos en el agua
P║Die geprüfte Saver-Kombi nennt Abfahrten um 12:00 und 15:30. Ein bestätigter Nachmittagstermin lässt mehr Platz für die Zisterne. Verlass dich auf die gebuchte Abfahrt; andere IWC-Bootsprodukte können andere Anleger und Audioleistungen haben. Plane den Rückweg und die Frist deines Kreuzfahrtschiffs separat.║Le Saver Combo vérifié indique des départs à 12 h et 15 h 30. Un créneau confirmé l’après-midi laisse plus de temps pour la Citerne. Suivez votre réservation : les autres croisières IWC peuvent avoir d’autres quais et prestations audio. Prévoyez séparément retour et heure limite de votre navire.║El Saver Combo revisado indica salidas a las 12:00 y 15:30. Una salida confirmada por la tarde deja más tiempo para la Cisterna. Respeta tu reserva: otros cruceros IWC pueden tener otros muelles y audios. Planifica por separado el regreso y la hora límite de tu barco.
H║Welche Buchung passt zur Zweitagesroute?║Quelle réservation pour deux jours ?║¿Qué reserva encaja en dos días?
P║Saver Combo beginnt bei 128,25 € und umfasst die drei Attraktionen, Bootsfahrt und 3-GB-eSIM. Old City Combo ab 122,55 € plus einzelne Bootsfahrt ab 9,45 € ergeben 132,00 € pro Erwachsenen: 3,75 € mehr beim geprüften Einstiegspreis. Die Bootsprodukte sind nicht identisch. Beide Kombis schließen den Harem aus; prüfe eSIM-Kompatibilität, Kindertarife und Endpreise. Verkehrsmittel sind nicht enthalten.║Le Saver Combo dès 128,25 € comprend les trois sites, la croisière et une eSIM de 3 Go. Old City Combo dès 122,55 € plus croisière séparée dès 9,45 € totalisent 132,00 € par adulte, soit 3,75 € de plus aux prix vérifiés. Les croisières ne sont pas identiques. Harem exclu des deux combinés ; vérifiez eSIM, tarifs enfants et totaux. Transports non inclus.║Saver Combo desde 128,25 € incluye tres monumentos, crucero y eSIM de 3 GB. Old City Combo desde 122,55 € más crucero individual desde 9,45 € suman 132,00 € por adulto: 3,75 € más a los precios revisados. Los cruceros no son idénticos. Ambos combinados excluyen el harén; comprueba eSIM, tarifas infantiles y totales. Transporte no incluido.
H║Dienstag und Freitag anpassen║Adapter le mardi et le vendredi║Ajustar martes y viernes
P║Fällt ein Tag auf Dienstag, lege Topkapi auf den anderen. Freitags ist die veröffentlichte Hagia-Sophia-Pause 12:30–14:30; die Blaue Moschee öffnet für Besucher ab 14:30. Verschiebe Mittagessen und Moscheebesuche entsprechend. Feiertage und kurzfristige Änderungen erneut prüfen; alle Dauern hier sind Schätzungen.║Si un jour est un mardi, placez Topkapi l’autre jour. Le vendredi, Sainte-Sophie publie une fermeture de 12 h 30 à 14 h 30 ; la Mosquée bleue accueille les visiteurs dès 14 h 30. Adaptez déjeuner et visites. Revérifiez jours fériés et changements ; toutes les durées sont estimées.║Si uno de los días es martes, pasa Topkapi al otro. Los viernes Santa Sofía publica una pausa de 12:30 a 14:30; la Mezquita Azul recibe visitantes desde las 14:30. Ajusta comida y visitas. Comprueba festivos y cambios; todas las duraciones son estimadas.
@/basilica-cistern-ticket-price/
T║Cisterna Basilica: Ticketpreise und Online-Eintritt║Citerne Basilique : prix et billets en ligne║Cisterna Basílica: precios y entradas online
P║Vergleiche die richtige Sitzung und Ticketzustellung. Tagesbesuch, Abendbesuch und ein Online-Paket mit Audioguide sind unterschiedliche Angebote.║Comparez la bonne séance et l’envoi du billet. Visite de jour, soirée et forfait en ligne avec audio sont des offres différentes.║Compara la sesión correcta y la entrega. Visita de día, visita nocturna y paquete online con audio son ofertas distintas.
H║Veröffentlichte Eintrittspreise║Tarifs d’entrée publiés║Tarifas de entrada publicadas
P║Für ausländische Besucher wurde der Tageseintritt mit 1.950 TL und der Abendeintritt mit 3.000 TL veröffentlicht. Das ist ein Stand vom 9. September 2026. Prüfe den offiziellen Tarif und die gewählte Sitzung erneut; ein Tagesticket deckt nicht automatisch den Abend.║Pour les visiteurs étrangers, les tarifs publiés étaient de 1 950 TL en journée et 3 000 TL en soirée, vérifiés le 9 septembre 2026. Revérifiez le tarif officiel et la séance choisie ; un billet de jour ne couvre pas automatiquement la soirée.║Para visitantes extranjeros, las tarifas publicadas eran de 1.950 TL de día y 3.000 TL de noche, revisadas el 9 de septiembre de 2026. Comprueba la tarifa oficial y la sesión; una entrada diurna no incluye automáticamente la noche.
H║QR per E-Mail mit Audioguide║QR par e-mail avec audioguide║QR por correo con audioguía
P║Das IWC-Angebot beginnt bei 47,41 €: Eintritts-QR-Code per E-Mail und Smartphone-Audio in sieben Sprachen, ohne Abholung. Es ist kein Rundgang mit persönlichem Guide. Kostenlose Stornierung bis 24 Stunden vor Ankunft laut Angebot; bestätige Sitzung, Gültigkeit und Endpreis. Lade das Audio vor dem Abstieg herunter.║L’offre IWC commence à 47,41 € : QR par e-mail et audio sur smartphone en sept langues, sans retrait. Ce n’est pas une visite avec guide sur place. Annulation gratuite jusqu’à 24 h avant l’arrivée selon l’offre ; confirmez séance, validité et total. Téléchargez l’audio avant de descendre.║La oferta IWC parte de 47,41 €: QR por correo y audio para el móvil en siete idiomas, sin recogida. No es una visita con guía en persona. Cancelación gratuita hasta 24 h antes según la oferta; confirma sesión, validez y total. Descarga el audio antes de bajar.
H║Zwei oder drei Sehenswürdigkeiten?║Deux ou trois monuments ?║¿Dos o tres monumentos?
P║Hagia Sophia ab 28,45 € plus Zisterne ab 47,41 € ergeben 75,86 € pro Erwachsenen. Wenn du nur diese beiden möchtest, kaufe nicht automatisch die Dreierkombi. Mit Topkapi zusammen ergibt der separate IWC-Kauf 132,77 €; die Old City Combo beginnt bei 122,55 €. Harem ausgeschlossen. Der Rechner zeigt auch Gruppensummen.║Sainte-Sophie dès 28,45 € plus Citerne dès 47,41 € totalisent 75,86 € par adulte. Pour ces deux visites, n’achetez pas automatiquement trois sites. Avec Topkapi, les achats IWC séparés totalisent 132,77 € ; l’Old City Combo commence à 122,55 €. Harem exclu. Le calculateur affiche aussi les groupes.║Santa Sofía desde 28,45 € más Cisterna desde 47,41 € suman 75,86 € por adulto. Si solo quieres ambas, no compres automáticamente tres monumentos. Con Topkapi, las entradas IWC sueltas suman 132,77 €; Old City Combo parte de 122,55 €. Harén excluido. El calculador también muestra grupos.
H║Vor der Zahlung prüfen║À vérifier avant paiement║Qué comprobar antes de pagar
P║Prüfe Besuchstag, Tages- oder Abendsitzung, Alterskategorie und Endsumme. Preise in Euro und Lira sind unterschiedliche Preisgrundlagen, keine tagesaktuelle Umrechnung. Sicherheitskontrollen bleiben auch bei Online-Eintritt möglich. Plane etwa 45–60 Minuten im Inneren plus Ankunft ein.║Vérifiez date, séance, catégorie d’âge et total. Les prix en euros et en livres sont des références distinctes, pas une conversion du jour. La sécurité peut rester nécessaire avec un billet en ligne. Prévoyez 45–60 min à l’intérieur, plus l’arrivée.║Comprueba fecha, sesión, categoría de edad y total. Los precios en euros y liras son referencias distintas, no una conversión actual. Puede haber controles de seguridad con entradas online. Prevé 45–60 min dentro, más la llegada.
@/basilica-cistern-opening-hours/
T║Cisterna Basilica: Öffnungszeiten und Abendbesuch║Citerne Basilique : horaires et visite en soirée║Cisterna Basílica: horarios y visita nocturna
P║Plane nach Sitzung, nicht nur nach der letzten Schließzeit. Zwischen Tages- und Abendbesuch gibt es eine veröffentlichte Besucherpause.║Organisez votre visite selon la séance, pas seulement l’heure de fermeture. Une pause sépare les visites de jour et de soirée.║Planifica según la sesión, no solo según la hora de cierre. Hay una pausa publicada entre las visitas de día y de noche.
H║Tageszeiten und Besucherpause║Horaires et pause visiteurs║Horario y pausa de visitantes
P║Die veröffentlichte Spanne ist täglich 09:00–22:00. Von 18:30 bis 19:30 ist Besucherpause. Plane den Tagesbesuch mit genügend Abstand davor; die letzte Einlassmöglichkeit kann von der Schließzeit abweichen. Prüfe vor der Reise die aktuelle offizielle Mitteilung und dein Ticket.║La plage publiée est de 09 h à 22 h tous les jours, avec une pause de 18 h 30 à 19 h 30. Prévoyez la visite de jour suffisamment tôt ; la dernière admission peut précéder la fermeture. Vérifiez l’annonce officielle et votre billet avant de partir.║El horario publicado es de 09:00 a 22:00 a diario, con pausa de 18:30 a 19:30. Planifica la visita diurna con margen; la última admisión puede ser anterior al cierre. Comprueba el aviso oficial y tu entrada antes de ir.
H║Abendbesuch / Night Shift║Visite en soirée / Night Shift║Visita nocturna / Night Shift
P║Der Abendeintritt nach der Pause ist eine eigene Sitzung. Der veröffentlichte Tarif für ausländische Besucher lag bei 3.000 TL statt 1.950 TL tagsüber. Gehe nicht davon aus, mit einem Tagesticket zurückkehren zu können. Abendlicht und Atmosphäre können sich ändern; eine bestimmte Lichtfarbe oder Veranstaltung ist nicht garantiert.║L’entrée après la pause constitue une séance distincte. Le tarif publié pour visiteurs étrangers était de 3 000 TL contre 1 950 TL en journée. Ne supposez pas pouvoir revenir avec un billet de jour. L’éclairage et l’ambiance peuvent varier ; aucune couleur ou animation précise n’est garantie.║El acceso después de la pausa es una sesión distinta. La tarifa publicada para extranjeros era de 3.000 TL frente a 1.950 TL de día. No supongas que puedes volver con una entrada diurna. La iluminación y el ambiente pueden cambiar; no se garantiza un color o espectáculo concreto.
H║Wie viel Zeit einplanen?║Combien de temps prévoir ?║¿Cuánto tiempo reservar?
P║Unser Richtwert im Inneren ist 45–60 Minuten, länger für Fotos und Medusenköpfe. Rechne etwa 5–10 Gehminuten ab Hagia Sophia plus Warteschlangen dazu. Lade Audio und Ticket vorher herunter und trage auf dem dunklen, teils feuchten Weg bequeme Schuhe.║Notre repère est de 45–60 min à l’intérieur, davantage pour les photos et Méduse. Ajoutez environ 5–10 min à pied depuis Sainte-Sophie et les files. Téléchargez audio et billet avant et portez des chaussures adaptées au parcours sombre, parfois humide.║Calculamos 45–60 min dentro, más para fotos y Medusa. Añade unos 5–10 min a pie desde Santa Sofía y las colas. Descarga audio y entrada antes y lleva calzado adecuado para un recorrido oscuro y a veces húmedo.
H║Freitag mit Hagia Sophia kombinieren║Combiner avec Sainte-Sophie le vendredi║Combinar con Santa Sofía el viernes
P║Besuche die Zisterne vor dem Mittagessen und plane Hagia Sophia nach der veröffentlichten Freitagspause von 12:30–14:30. So nutzt du die Unterbrechung für Zisterne oder Mittagspause. Der Plan ist eine Empfehlung, keine garantierte Verfügbarkeit; passe ihn an deine Buchungen an.║Visitez la Citerne avant le déjeuner et Sainte-Sophie après sa fermeture publiée du vendredi, de 12 h 30 à 14 h 30. Utilisez cette pause pour la Citerne ou le repas. Ce conseil ne garantit pas de disponibilité ; adaptez-le à vos réservations.║Visita la Cisterna antes de comer y Santa Sofía después de su pausa publicada del viernes, de 12:30 a 14:30. Aprovecha la pausa para la Cisterna o la comida. Es una propuesta sin disponibilidad garantizada; adáptala a tus reservas.
@/basilica-cistern-medusa-heads/
T║Medusenköpfe der Cisterna Basilica: Lage und Besuch║Têtes de Méduse de la Citerne Basilique : emplacement et visite║Cabezas de Medusa de la Cisterna Basílica: ubicación y visita
P║Zwei wiederverwendete Medusenköpfe bilden die Sockel von Säulen in der Zisterne. Einer liegt seitlich, der andere steht auf dem Kopf.║Deux têtes de Méduse réutilisées servent de bases de colonnes dans la Citerne. L’une est couchée sur le côté, l’autre renversée.║Dos cabezas de Medusa reutilizadas sirven de bases de columnas en la Cisterna. Una está de lado y la otra boca abajo.
H║Wo finde ich sie?║Où les trouver ?║¿Dónde encontrarlas?
P║Sie liegen im nordwestlichen Bereich der Zisterne, im hinteren Teil des Besucherwegs. Folge den aktuellen Schildern statt einer Foto-Perspektive. Laufe nicht direkt durch: Säulen, Gewölbe und Wasserreflexionen gehören ebenso zum Besuch.║Elles se trouvent dans la partie nord-ouest de la Citerne, vers le fond du parcours. Suivez les panneaux actuels plutôt qu’un angle photographique. Prenez aussi le temps de regarder colonnes, voûtes et reflets.║Están en el sector noroeste de la Cisterna, hacia el fondo del recorrido. Sigue las señales actuales, no el ángulo de una foto. Dedica también tiempo a columnas, bóvedas y reflejos.
H║Warum liegt Medusa auf dem Kopf?║Pourquoi Méduse est-elle renversée ?║¿Por qué Medusa está boca abajo?
P║Die Zisterne wurde im 6. Jahrhundert unter Justinian errichtet. Die älteren Steinköpfe wurden als Baumaterial wiederverwendet; ihre genaue Herkunft und der Grund ihrer Ausrichtung sind nicht sicher geklärt. Die Geschichte, man habe so Medusas versteinernden Blick gebannt, ist eine Legende, kein gesicherter Baunachweis.║La Citerne fut construite au VIe siècle sous Justinien. Les têtes plus anciennes ont été réemployées comme matériaux ; leur origine exacte et leur orientation ne sont pas établies avec certitude. L’histoire du regard pétrifiant neutralisé est une légende, pas une explication architecturale prouvée.║La Cisterna se construyó en el siglo VI bajo Justiniano. Las cabezas más antiguas se reutilizaron como material; su origen exacto y orientación no están aclarados con certeza. La historia de neutralizar su mirada petrificante es una leyenda, no una explicación constructiva demostrada.
H║Fotos ohne den Weg zu blockieren║Photographier sans bloquer le passage║Fotos sin bloquear el paso
P║Halte dein Handy ruhig, vermeide starkes Blitzlicht und beachte die Regeln vor Ort. Warte auf eine Lücke, ohne auf Geländer oder Steine zu steigen. Das lizenzierte Foto zeigt den kopfüber liegenden Kopf; Beleuchtung und Besucherandrang können bei deinem Besuch anders sein.║Stabilisez le téléphone, évitez un flash intense et respectez les règles locales. Attendez un espace sans monter sur les barrières ou les pierres. La photo sous licence montre la tête renversée ; éclairage et affluence peuvent différer lors de votre visite.║Sujeta bien el móvil, evita el flash intenso y respeta las normas. Espera un hueco sin subirte a barandillas ni piedras. La foto con licencia muestra la cabeza invertida; la iluminación y afluencia pueden ser distintas durante tu visita.
H║Ticket und Zeit║Billet et durée║Entrada y tiempo
P║Die Medusenköpfe gehören zum regulären Zisternenbesuch; kein separates Medusa-Ticket ist nötig. Plane 45–60 Minuten für die gesamte Zisterne und etwas zusätzlichen Fotopuffer. Wähle Tages- oder Abendsitzung bewusst und speichere das Ticket vor dem Abstieg.║Méduse fait partie de la visite normale de la Citerne ; aucun billet séparé n’est nécessaire. Prévoyez 45–60 min pour l’ensemble, avec une marge pour les photos. Choisissez la séance de jour ou de soirée et enregistrez le billet avant de descendre.║Medusa forma parte de la visita normal a la Cisterna; no necesita entrada aparte. Prevé 45–60 min para el conjunto y margen para fotos. Elige la sesión diurna o nocturna y guarda la entrada antes de bajar.
@/basilica-cistern-vs-hagia-sophia/
T║Cisterna Basilica oder Hagia Sophia?║Citerne Basilique ou Sainte-Sophie ?║¿Cisterna Basílica o Santa Sofía?
P║Beide liegen nahe beieinander, bieten aber unterschiedliche Erlebnisse. Wähle nach Interesse, Zeit und Eintrittsbudget.║Les deux sont proches mais offrent des expériences différentes. Choisissez selon vos intérêts, votre temps et votre budget.║Están cerca, pero ofrecen experiencias diferentes. Elige según tus intereses, tiempo y presupuesto.
H║Geschichte und Architektur║Histoire et architecture║Historia y arquitectura
P║Hagia Sophia bietet die obere Galerie, Mosaiken und den Blick in den monumentalen Innenraum einer aktiven Moschee. Die Zisterne zeigt byzantinische Wasserversorgung, Säulen, Gewölbe und Medusenköpfe unter der Erde. Für Religions- und Kunstgeschichte passt Hagia Sophia; für unterirdische Architektur und Lichtstimmung die Zisterne.║Sainte-Sophie offre galerie supérieure, mosaïques et vue sur l’intérieur monumental d’une mosquée active. La Citerne montre l’approvisionnement byzantin en eau, colonnes, voûtes et Méduse sous terre. Choisissez Sainte-Sophie pour l’histoire religieuse et l’art, la Citerne pour l’architecture souterraine et l’atmosphère.║Santa Sofía ofrece galería superior, mosaicos y vistas al interior monumental de una mezquita activa. La Cisterna muestra abastecimiento de agua bizantino, columnas, bóvedas y Medusa bajo tierra. Elige Santa Sofía por historia religiosa y arte, la Cisterna por arquitectura subterránea y ambiente.
H║Zeit und Kosten║Durée et coût║Duración y coste
P║Plane jeweils etwa 45–60 Minuten im Inneren plus Ankunft ein. Der veröffentlichte Hagia-Sophia-Galeriepreis ist 25 €, die Zisterne tagsüber 1.950 TL. Die IWC-QR-Optionen mit Audio beginnen bei 28,45 € und 47,41 €. Das sind unterschiedliche Pakete; der Vergleich ist keine Wechselkursrechnung.║Comptez environ 45–60 min à l’intérieur de chaque site, plus l’arrivée. La galerie de Sainte-Sophie est affichée à 25 €, la Citerne de jour à 1 950 TL. Les options IWC avec QR et audio commencent à 28,45 € et 47,41 €. Ce sont des forfaits distincts, sans conversion monétaire.║Calcula unos 45–60 min dentro de cada lugar, más llegada. La galería de Santa Sofía figura a 25 €, la Cisterna de día a 1.950 TL. Las opciones IWC con QR y audio parten de 28,45 € y 47,41 €. Son paquetes distintos, sin conversión monetaria.
H║Beide am selben Tag?║Les deux le même jour ?║¿Ambas el mismo día?
P║Ja, mit realistischen Pausen. Zwischen den Orten sind grob 5–10 Gehminuten einzuplanen. Freitags passt die Zisterne vor dem Mittagessen und Hagia Sophia nach 14:30. Bei nur zwei Stunden ist eine Hauptattraktion entspannter. Prüfe Zisternensitzung, Moscheekleidung und die verpflichtende Sicherheit.║Oui, avec de vraies pauses. Prévoyez environ 5–10 min à pied entre les sites. Le vendredi, placez la Citerne avant déjeuner et Sainte-Sophie après 14 h 30. Avec seulement deux heures, privilégiez un site. Vérifiez séance, tenue à la mosquée et sécurité obligatoire.║Sí, con descansos realistas. Prevé unos 5–10 min a pie entre ambos. El viernes, Cisterna antes de comer y Santa Sofía después de las 14:30. Con solo dos horas, prioriza un lugar. Comprueba sesión, vestimenta de mezquita y seguridad obligatoria.
@/is-basilica-cistern-worth-it/
T║Lohnt sich die Cisterna Basilica?║La Citerne Basilique vaut-elle le détour ?║¿Merece la pena la Cisterna Basílica?
P║Für unterirdische Architektur, Licht und eine kurze Pause vom Stadttrubel kann sie sich lohnen. Bei knappem Budget entscheidet der konkrete Eintrittspreis und dein Interesse.║Pour l’architecture souterraine, la lumière et une pause dans la ville, elle peut valoir le détour. Avec un budget serré, pesez le prix réel et votre intérêt.║Por arquitectura subterránea, iluminación y un descanso de la ciudad puede merecer la pena. Con presupuesto ajustado, valora el precio real y tu interés.
H║Was macht den Besuch besonders?║Qu’est-ce qui rend la visite particulière ?║¿Qué hace especial la visita?
P║Säulenreihen, Ziegelgewölbe und Wasserreflexionen erzeugen einen anderen Raumeindruck als die Moscheen über der Erde. Die beiden Medusenköpfe sind ein markanter Detailstopp. Es ist ein kompakter Rundgang, kein Museum für einen ganzen Nachmittag. Plane etwa 45–60 Minuten plus Warteschlangen.║Colonnes, voûtes de briques et reflets créent une impression différente des mosquées en surface. Les deux têtes de Méduse offrent un arrêt remarquable. C’est un parcours compact, pas un musée pour tout l’après-midi. Comptez environ 45–60 min, plus les files.║Columnas, bóvedas de ladrillo y reflejos crean una sensación distinta de las mezquitas de la superficie. Las dos cabezas de Medusa son una parada destacada. Es un recorrido compacto, no un museo para toda la tarde. Calcula 45–60 min, más colas.
H║Wann würde ich etwas anderes wählen?║Quand choisir une autre visite ?║¿Cuándo elegir otra visita?
P║Wenn dich vor allem Mosaiken und Religionsgeschichte interessieren, priorisiere Hagia Sophia. Für große Sammlungen und Palasthöfe passt Topkapi, braucht aber deutlich mehr Zeit. Bei Schwierigkeiten mit Dunkelheit, feuchten Wegen oder Menschenmengen prüfe die aktuellen Zugangsmöglichkeiten vor dem Kauf.║Si vous privilégiez mosaïques et histoire religieuse, choisissez Sainte-Sophie. Pour de grandes collections et des cours de palais, Topkapi convient mieux mais demande davantage de temps. En cas de difficulté avec obscurité, passages humides ou foule, renseignez-vous sur l’accès avant achat.║Si prefieres mosaicos e historia religiosa, prioriza Santa Sofía. Para grandes colecciones y patios, Topkapi encaja mejor pero necesita bastante más tiempo. Si te preocupan oscuridad, suelo húmedo o aglomeraciones, consulta el acceso antes de comprar.
H║Tagsüber oder abends?║En journée ou en soirée ?║¿De día o de noche?
P║Der veröffentlichte ausländische Tagestarif von 1.950 TL ist niedriger als die 3.000 TL am Abend. Wähle den Abend wegen des passenden Zeitplans, nicht wegen einer garantierten leeren Zisterne oder Lichtshow. Beachte die Pause 18:30–19:30 und die Sitzung deines Tickets.║Le tarif étranger publié de jour, 1 950 TL, est inférieur aux 3 000 TL du soir. Choisissez la soirée pour votre planning, sans garantie de lieu vide ni de spectacle lumineux. Respectez la pause de 18 h 30 à 19 h 30 et la séance du billet.║La tarifa extranjera publicada de día, 1.950 TL, es menor que los 3.000 TL de noche. Elige la noche por tu horario, sin garantía de una cisterna vacía ni espectáculo de luces. Respeta la pausa de 18:30 a 19:30 y la sesión de tu entrada.
@/hagia-sophia-friday-prayer-time/
T║Hagia Sophia am Freitag: Gebetspause und Besuch║Sainte-Sophie le vendredi : prière et visite║Santa Sofía los viernes: oración y visita
P║Die veröffentlichte Freitagspause des touristischen Zugangs ist 12:30–14:30. Plane keine knappe Ankunft unmittelbar vor der Pause.║La fermeture publiée de l’accès touristique le vendredi est de 12 h 30 à 14 h 30. Évitez une arrivée serrée juste avant la pause.║La pausa publicada del acceso turístico los viernes es de 12:30 a 14:30. Evita llegar con poco margen justo antes.
H║Was betrifft die Pause?║Que concerne cette pause ?║¿A qué afecta la pausa?
P║Hagia Sophia ist eine aktive Moschee. Der kostenpflichtige kulturelle Rundgang führt zur oberen Galerie; der Gebetsbereich im Erdgeschoss ist eine andere Nutzung. Ein touristisches Ticket ist keine Berechtigung, Gebetsregeln oder Zugangssperren zu umgehen. Prüfe kurzfristige Hinweise und deine Buchung.║Sainte-Sophie est une mosquée active. La visite culturelle payante emprunte la galerie supérieure ; l’espace de culte au rez-de-chaussée a une autre fonction. Un billet touristique ne permet pas de contourner les règles de prière ou les fermetures. Vérifiez annonces et réservation.║Santa Sofía es una mezquita activa. La visita cultural de pago recorre la galería superior; la zona de culto de la planta baja tiene otro uso. Una entrada turística no permite ignorar las normas de oración ni los cierres. Comprueba avisos y reserva.
H║Eine entspannte Freitagsroute║Un vendredi sans se presser║Una ruta de viernes con calma
P║Besuche die Zisterne vor dem Mittagessen und Hagia Sophia nach 14:30. Die Blaue Moschee öffnet freitags ebenfalls erst ab 14:30 für Besucher. Plane danach Warteschlangen ein. Wenn nur zwei Stunden bleiben, konzentriere dich auf eine Sehenswürdigkeit.║Visitez la Citerne avant déjeuner et Sainte-Sophie après 14 h 30. La Mosquée bleue accueille elle aussi les visiteurs le vendredi à partir de 14 h 30. Prévoyez des files à la reprise. Avec deux heures seulement, concentrez-vous sur un site.║Visita la Cisterna antes de comer y Santa Sofía después de las 14:30. La Mezquita Azul también recibe visitantes los viernes desde las 14:30. Prevé colas al reabrir. Si solo tienes dos horas, céntrate en un monumento.
H║Ticket und Kleidung vorbereiten║Préparer billet et tenue║Preparar entrada y vestimenta
P║Das empfohlene IWC-Ticket sendet den QR-Code per E-Mail; keine Abholung im Museum nötig. Die 28-€-Kioskoption erfordert weiterhin einen Abholstopp. Beide lassen die Sicherheitskontrolle bestehen. Bedecke Schultern und Knie; Frauen sollten ein Kopftuch mitbringen.║Le billet IWC recommandé envoie le QR par e-mail, sans retrait au musée. L’option kiosque à 28 € nécessite toujours un retrait. La sécurité reste obligatoire dans les deux cas. Couvrez épaules et genoux ; les femmes doivent prévoir un foulard.║La entrada IWC recomendada envía el QR por correo, sin recogida en museo. La opción de quiosco de 28 € sigue requiriendo recogida. Ambas mantienen la seguridad. Cubre hombros y rodillas; las mujeres deben llevar pañuelo.
@/hagia-sophia-from-galataport-cruise-port/
T║Von Galataport zur Hagia Sophia: Anreise und Zeitplanung║De Galataport à Sainte-Sophie : trajet et organisation║De Galataport a Santa Sofía: traslado y planificación
P║Plane ab dem tatsächlichen Hafenausgang und rechne die Rückkehrfrist deines Schiffs zuerst ein. Ein kurzer Aufenthalt verträgt weniger Sehenswürdigkeiten als ein voller Stadttag.║Planifiez depuis la sortie réelle du port et partez de l’heure limite de retour au navire. Une courte escale permet moins de visites qu’une journée complète en ville.║Planifica desde la salida real del puerto y parte de la hora límite de regreso al barco. Una escala corta permite menos visitas que un día completo en la ciudad.
H║Mit der Straßenbahn nach Sultanahmet║Rejoindre Sultanahmet en tramway║Llegar a Sultanahmet en tranvía
P║Die T1 verbindet die Hafenregion über Haltestellen wie Tophane oder Fındıklı mit Sultanahmet. Der passende Start hängt von deinem Terminalausgang ab. Folge der aktuellen Beschilderung, prüfe den Betrieb und nutze die Richtung zur historischen Altstadt. Vom Halt Sultanahmet geht es zu Fuß zum ausgeschilderten Galerieeingang.║Le T1 relie la zone portuaire, via des arrêts comme Tophane ou Fındıklı, à Sultanahmet. Le départ adapté dépend de la sortie du terminal. Suivez les panneaux, vérifiez le service et prenez la direction de la vieille ville. Depuis Sultanahmet, rejoignez à pied l’entrée signalée de la galerie.║El T1 conecta la zona portuaria, mediante paradas como Tophane o Fındıklı, con Sultanahmet. La salida adecuada depende de tu terminal. Sigue las señales, comprueba el servicio y toma la dirección del casco antiguo. Desde Sultanahmet, camina al acceso señalizado de la galería.
H║Taxi oder Fußweg?║Taxi ou marche ?║¿Taxi o a pie?
P║Ein Taxi kann bei Gepäck praktisch sein, unterliegt aber Verkehr und Zufahrtsregeln. Der gesamte Fußweg ist deutlich länger als ein Spaziergang innerhalb Sultanahmets. Wähle ihn nur mit Zeit, passenden Schuhen und Wetter. Keine dieser Optionen garantiert eine bestimmte Ankunftszeit.║Le taxi peut être pratique avec des bagages, mais dépend du trafic et des accès. La marche complète est bien plus longue qu’un déplacement dans Sultanahmet. Choisissez-la avec du temps, des chaussures adaptées et une météo favorable. Aucune option ne garantit l’heure d’arrivée.║El taxi puede ser práctico con equipaje, pero depende del tráfico y los accesos. Caminar todo el trayecto es bastante más largo que desplazarse dentro de Sultanahmet. Elígelo solo con tiempo, calzado adecuado y buen tiempo. Ninguna opción garantiza la hora de llegada.
H║Wie viele Besuche passen in den Landgang?║Combien de visites pendant l’escale ?║¿Cuántas visitas caben en la escala?
P║Für Hagia Sophia sind etwa 45–60 Minuten im Inneren plus Ankunft und Sicherheit sinnvoll. Bei knapper Zeit ergänze nur Außenansichten der Blauen Moschee. Topkapi braucht einen eigenen längeren Block und ist dienstags geschlossen. Freitags gilt die veröffentlichte Hagia-Sophia-Pause 12:30–14:30. Plane Rückfahrt, Hafenwege und Schiffsfrist mit großzügigem Puffer.║Prévoyez 45–60 min dans Sainte-Sophie, plus arrivée et sécurité. Avec peu de temps, ajoutez seulement l’extérieur de la Mosquée bleue. Topkapi demande un long créneau et ferme le mardi. Sainte-Sophie publie une pause le vendredi de 12 h 30 à 14 h 30. Gardez une large marge pour retour, port et navire.║Prevé 45–60 min dentro de Santa Sofía, más llegada y seguridad. Con poco tiempo, añade solo el exterior de la Mezquita Azul. Topkapi necesita un bloque largo y cierra los martes. Santa Sofía publica una pausa los viernes de 12:30 a 14:30. Deja margen amplio para vuelta, puerto y barco.
@/best-hagia-sophia-ticket/
T║Welches Hagia-Sophia-Ticket passt zu dir?║Quel billet choisir pour Sainte-Sophie ?║¿Qué entrada elegir para Santa Sofía?
P║Wähle zuerst, wie du dein Eintrittsticket erhalten möchtest. Danach vergleiche Audio, weitere Sehenswürdigkeiten und Stornierung für deinen Termin.║Choisissez d’abord comment recevoir votre billet. Comparez ensuite audio, autres sites et annulation pour votre date.║Elige primero cómo quieres recibir la entrada. Después compara audio, otros monumentos y cancelación para tu fecha.
H║Einfache Ankunft: QR per E-Mail║Arrivée simple : QR par e-mail║Llegada sencilla: QR por correo
P║Unsere Hauptoption beginnt bei 28,45 € bei Istanbul Welcome Card. Sie enthält die obere Galerie und Smartphone-Audio in 10 Sprachen. Du erhältst den Eintritts-QR-Code nach der Buchung per E-Mail und gehst zum Besuchereingang. Keine Museumsabholung; kostenlose Stornierung bis 24 Stunden vorher laut Angebot.║Notre option principale commence à 28,45 € chez Istanbul Welcome Card : galerie supérieure et audio en 10 langues. Le QR d’entrée arrive par e-mail après réservation ; rejoignez l’entrée des visiteurs. Aucun retrait au musée ; annulation gratuite jusqu’à 24 h avant selon l’offre.║Nuestra opción principal parte de 28,45 € en Istanbul Welcome Card: galería superior y audio en 10 idiomas. El QR llega por correo tras reservar; ve al acceso de visitantes. Sin recogida en museo; cancelación gratuita hasta 24 h antes según la oferta.
H║Niedrigerer Einstiegspreis: Abholung einplanen║Prix initial inférieur : prévoir le retrait║Precio inicial inferior: prever la recogida
P║Die 28-€-Alternative wird ebenfalls online gekauft, erfordert aber am Besuchstag einen Code-Umtausch im separaten History & Experience Museum. Der Aufpreis von 0,45 € unserer Hauptoption spart diesen Stopp beim geprüften Ausgangspreis. Das ist keine Behauptung, jedes Angebot am Markt geprüft zu haben. Vergleiche die Endsumme und Bedingungen für deinen Termin.║L’alternative à 28 € s’achète aussi en ligne mais exige un échange de code au History & Experience Museum le jour de la visite. Les 0,45 € supplémentaires de notre option évitent ce passage aux prix vérifiés. Cela ne signifie pas que toutes les offres du marché ont été examinées. Comparez total et conditions pour votre date.║La alternativa de 28 € también se compra online, pero exige canjear un código en el History & Experience Museum el día de la visita. Los 0,45 € adicionales de nuestra opción evitan esa parada a los precios revisados. No significa haber comprobado todas las ofertas del mercado. Compara total y condiciones para tu fecha.
H║Nur Galerie oder mehrere Sehenswürdigkeiten?║Galerie seule ou plusieurs sites ?║¿Solo galería o varios monumentos?
P║Wenn du nur Hagia Sophia sehen möchtest, reicht ein Galerieticket; das separate Museum ist nicht enthalten. Die Blaue Moschee hat freien Eintritt und braucht kein bezahltes Zugangsticket. Für Zisterne und Topkapi vergleiche Einzeltickets mit der Old City Combo. Topkapi erfordert dort ein Treffen mit einer Begleitperson; der Harem ist ausgeschlossen.║Pour Sainte-Sophie seule, un billet de galerie suffit ; le musée distinct n’est pas inclus. La Mosquée bleue est gratuite, sans billet d’admission payant. Pour Citerne et Topkapi, comparez les billets séparés avec l’Old City Combo. Topkapi nécessite alors un rendez-vous avec un hôte ; harem exclu.║Para ver solo Santa Sofía basta una entrada de galería; el museo independiente no está incluido. La Mezquita Azul es gratuita y no necesita una entrada de acceso de pago. Para Cisterna y Topkapi, compara entradas sueltas con Old City Combo. Topkapi requiere allí encuentro con anfitrión; harén excluido.
H║Kein Ticket umgeht die Sicherheit║Aucun billet n’évite la sécurité║Ninguna entrada evita la seguridad
P║„Ohne Warteschlange“ betrifft die Ticketabwicklung, nicht die verpflichtende Sicherheitskontrolle. Smartphone-Audio ist keine persönliche Führung. Speichere QR und Audio, bring Kopfhörer mit und prüfe die Freitagspause vor der Buchung.║« Coupe-file » concerne la billetterie, pas le contrôle de sécurité obligatoire. Un audio sur smartphone n’est pas un guide sur place. Enregistrez QR et audio, emportez des écouteurs et vérifiez la pause du vendredi.║«Sin cola» se refiere a la gestión de entradas, no al control de seguridad obligatorio. El audio del móvil no es un guía en persona. Guarda QR y audio, lleva auriculares y comprueba la pausa del viernes.
@/things-to-do-near-hagia-sophia/
T║Sehenswürdigkeiten rund um die Hagia Sophia║Que visiter près de Sainte-Sophie ?║¿Qué ver cerca de Santa Sofía?
P║Kurze Wege bedeuten nicht kurze Besuche. Wähle eine passende Ergänzung und lass Zeit für Pausen und Ankunft.║Des trajets courts ne signifient pas des visites courtes. Choisissez un complément adapté et gardez du temps pour les pauses.║Recorridos cortos no significan visitas cortas. Elige una visita adicional adecuada y deja tiempo para descansar.
H║Blaue Moschee und Sultanahmet-Platz║Mosquée bleue et place Sultanahmet║Mezquita Azul y plaza Sultanahmet
P║Die Moschee liegt gegenüber am Platz und ist kostenlos zugänglich. Besucherzugang pausiert zu Gebeten; freitags beginnt er ab 14:30. Ein Außenstopp passt auch in eine kurze Route. Für den Innenraum brauchst du respektvolle Kleidung und zusätzliche Zeit.║La mosquée se trouve de l’autre côté de la place et son entrée est gratuite. Les visites s’interrompent pour les prières ; le vendredi, elles commencent à 14 h 30. L’extérieur s’intègre à un court parcours. L’intérieur demande une tenue respectueuse et plus de temps.║La mezquita está al otro lado de la plaza y su acceso es gratuito. Las visitas se interrumpen por la oración; los viernes empiezan a las 14:30. El exterior encaja en una ruta corta. Para entrar necesitarás vestimenta respetuosa y más tiempo.
H║Cisterna Basilica║Citerne Basilique║Cisterna Basílica
P║Plane etwa 5–10 Gehminuten und 45–60 Minuten im Inneren. Sie ist separat kostenpflichtig und bietet Säulen, Gewölbe und Medusenköpfe. Beachte die getrennten Tages- und Abendsitzungen mit Pause 18:30–19:30. Der dunkle Innenraum verlangt Aufmerksamkeit beim Gehen.║Prévoyez environ 5–10 min à pied et 45–60 min à l’intérieur. Payante séparément, elle offre colonnes, voûtes et Méduse. Respectez les séances distinctes et la pause de 18 h 30 à 19 h 30. Marchez avec attention dans la pénombre.║Prevé unos 5–10 min a pie y 45–60 min dentro. Es de pago independiente y ofrece columnas, bóvedas y Medusa. Respeta las sesiones distintas y la pausa de 18:30 a 19:30. Camina con atención en el interior oscuro.
H║Topkapi-Palast║Palais de Topkapi║Palacio de Topkapi
P║Reserviere 2½–3½ Stunden plus Ankunft. Dienstags geschlossen. Bei IWC-Tickets erst den bestätigten Gastgeber treffen; der Harem ist in den verlinkten Angeboten ausgeschlossen. Wenn du alles entspannt sehen möchtest, verteile Palast und Zisterne auf zwei Tage.║Réservez 2 h 30–3 h 30, plus arrivée. Fermé le mardi. Avec IWC, rencontrez d’abord l’hôte confirmé ; le harem est exclu des offres liées. Pour tout voir tranquillement, répartissez palais et Citerne sur deux jours.║Reserva 2½–3½ horas, más llegada. Cierra los martes. Con IWC, reúnete primero con el anfitrión confirmado; el harén está excluido de las ofertas enlazadas. Para verlo todo con calma, reparte palacio y Cisterna en dos días.
H║Bosporus als zweiter Tag║Le Bosphore pour le deuxième jour║El Bósforo para el segundo día
P║Eine 90-minütige Bootsfahrt ergänzt die Altstadt um eine andere Perspektive. Sie startet nicht am Hagia-Sophia-Eingang: Prüfe Anleger, Abfahrtszeit und Transfer. Unsere Zweitagesroute verbindet die Sehenswürdigkeiten mit einem Nachmittag auf dem Wasser.║Une croisière de 90 minutes apporte une autre perspective après la vieille ville. Elle ne part pas de Sainte-Sophie : vérifiez quai, horaire et transfert. Notre itinéraire de deux jours relie les monuments à un après-midi sur l’eau.║Un crucero de 90 minutos aporta otra perspectiva tras el casco antiguo. No sale de Santa Sofía: comprueba muelle, horario y traslado. Nuestra ruta de dos días combina monumentos con una tarde en el agua.
@/hagia-sophia-opening-hours/
T║Hagia Sophia Öffnungszeiten und Freitagspause║Horaires de Sainte-Sophie et pause du vendredi║Horarios de Santa Sofía y pausa del viernes
P║DEM Museums nennt für den Besucherbereich 09:00–19:00 und eine Freitagspause von 12:30–14:30. Prüfe diese Zeiten zusammen mit deiner konkreten Buchung.║DEM Museums indique 09 h–19 h pour l’espace visiteurs, avec une pause le vendredi de 12 h 30 à 14 h 30. Vérifiez ces horaires avec votre réservation.║DEM Museums indica 09:00–19:00 para la zona de visitantes y una pausa los viernes de 12:30 a 14:30. Comprueba estos horarios junto con tu reserva.
H║Welche Zeiten sind bestätigt?║Quels horaires sont publiés ?║¿Qué horarios están publicados?
P║Die am 9. September 2026 geprüften DEM-FAQ nennen 09:00–19:00 für den Zugang mit den dort beschriebenen Tickets. Frühere saisonale 08:00-Angaben solltest du nicht als Zusage für dein Ticket behandeln. Sonderveranstaltungen, Gebete oder Arbeiten können den Zugang verändern. Maßgeblich sind aktuelle Besuchermitteilungen und die Bedingungen deiner Buchung.║La FAQ DEM vérifiée le 9 septembre 2026 indique 09 h–19 h pour les billets qu’elle décrit. D’anciennes mentions saisonnières de 08 h ne garantissent pas l’accès avec votre billet. Événements, prières ou travaux peuvent modifier l’entrée. Suivez les annonces actuelles et votre réservation.║Las preguntas frecuentes de DEM revisadas el 9 de septiembre de 2026 indican 09:00–19:00 para las entradas que describen. Las antiguas referencias estacionales a las 08:00 no garantizan el acceso con tu entrada. Eventos, oración u obras pueden cambiarlo. Sigue los avisos actuales y tu reserva.
H║Freitags 12:30–14:30 einplanen║Prévoir la pause du vendredi de 12 h 30 à 14 h 30║Prever la pausa del viernes de 12:30 a 14:30
P║Die touristische Route schließt während des Freitagsgebets. Plane Hagia Sophia nach 14:30 und nutze die Mittagspause für Essen oder die Zisterne. Die Blaue Moschee empfängt freitags Besucher ebenfalls erst ab 14:30. Nach der Wiederöffnung sind Wartezeiten möglich.║Le parcours touristique ferme pendant la prière du vendredi. Prévoyez Sainte-Sophie après 14 h 30 et profitez de la pause pour déjeuner ou visiter la Citerne. La Mosquée bleue accueille aussi les visiteurs à partir de 14 h 30 le vendredi. Des files peuvent se former à la reprise.║El recorrido turístico cierra durante la oración del viernes. Planifica Santa Sofía después de las 14:30 y aprovecha la pausa para comer o visitar la Cisterna. La Mezquita Azul también recibe visitantes desde las 14:30 los viernes. Puede haber colas al reabrir.
H║Nicht erst zur Schließzeit ankommen║Ne pas arriver à la fermeture║No llegues a la hora de cierre
P║19:00 ist keine zugesicherte letzte Einlasszeit. Für den Galeriebesuch empfehlen wir etwa 45–60 Minuten im Inneren plus Sicherheit und Rampe. Plane mehr Zeit für Mosaiken oder Fotos. Eine frühe Ankunft kann helfen, garantiert aber keine leeren Räume.║19 h n’est pas une dernière admission garantie. Prévoyez environ 45–60 min dans la galerie, plus sécurité et rampe, davantage pour les mosaïques ou les photos. Arriver tôt peut aider, sans garantir des salles vides.║Las 19:00 no son una última admisión garantizada. Recomendamos unos 45–60 min dentro, más seguridad y rampa, y más para mosaicos o fotos. Llegar temprano puede ayudar, sin garantizar salas vacías.
H║Ticket vor der Ankunft speichern║Enregistrer le billet avant l’arrivée║Guardar la entrada antes de llegar
P║Mit dem empfohlenen QR-Ticket ab 28,45 € gehst du nach Erhalt der E-Mail direkt zum Besuchereingang. Die günstigere 28-€-Kioskoption benötigt zuerst die Abholung. Beide lassen die Sicherheitskontrolle bestehen. Bedecke Schultern und Knie und bring als Frau ein Kopftuch mit.║Avec le billet QR recommandé dès 28,45 €, rejoignez l’entrée après réception de l’e-mail. L’option kiosque à 28 € nécessite d’abord un retrait. La sécurité reste obligatoire dans les deux cas. Couvrez épaules et genoux ; prévoyez un foulard pour les femmes.║Con el QR recomendado desde 28,45 €, ve al acceso tras recibir el correo. La opción de quiosco de 28 € requiere recogida previa. Ambas mantienen la seguridad. Cubre hombros y rodillas y lleva pañuelo si eres mujer.
